week_start,week_end,iso_year,iso_week,n_active_authors,n_scored_posts,anger,anticipation,disgust,fear,joy,love,optimism,pessimism,sadness,surprise,trust,boundary_status,plotted,score_scale,week_definition
2022-10-31 00:00:00+00:00,2022-11-06 00:00:00+00:00,2022,44,921,1531,0.1037330186156903,0.5687590461422795,0.1070637853543433,0.0633863535232212,0.6425584100785635,0.0933885405479422,0.5287756997443742,0.034122536565637,0.0539404223920813,0.1295009363080982,0.1643100061492495,complete,True,raw model probabilities; author-balanced weekly mean,"ISO week beginning Monday, UTC"
2022-11-07 00:00:00+00:00,2022-11-13 00:00:00+00:00,2022,45,1711,2935,0.1429681813843321,0.5444908854339369,0.1438721824662833,0.0624965372908253,0.6175250039189929,0.0858043646647353,0.5160469200564922,0.0392729008826522,0.0704581629949088,0.121412132794925,0.1613593353810458,complete,True,raw model probabilities; author-balanced weekly mean,"ISO week beginning Monday, UTC"
2022-11-14 00:00:00+00:00,2022-11-20 00:00:00+00:00,2022,46,39145,121762,0.2286806292378008,0.4747728599914438,0.2356602911696897,0.0630737912577147,0.4755267820839132,0.069994126394101,0.3832190429516199,0.0532553472185547,0.1083757310834247,0.1197183825444642,0.1145493174790361,complete,True,raw model probabilities; author-balanced weekly mean,"ISO week beginning Monday, UTC"
2022-11-21 00:00:00+00:00,2022-11-27 00:00:00+00:00,2022,47,40238,132647,0.1960855804038215,0.4891212122111499,0.2081682404442937,0.0696804985567838,0.4828896735649455,0.0743391656446157,0.3927154092016482,0.050446676780217,0.0959378194973918,0.1286983134630546,0.1161060860203965,complete,True,raw model probabilities; author-balanced weekly mean,"ISO week beginning Monday, UTC"
2022-11-28 00:00:00+00:00,2022-12-04 00:00:00+00:00,2022,48,82338,313116,0.2943109663753132,0.4315793060336909,0.3026091692423572,0.0739346887507196,0.4131298280390396,0.057292693038018,0.3262200253925906,0.0588326291856643,0.1224437442045581,0.1265719544125639,0.0950443967100176,complete,True,raw model probabilities; author-balanced weekly mean,"ISO week beginning Monday, UTC"
2022-12-05 00:00:00+00:00,2022-12-11 00:00:00+00:00,2022,49,102409,415471,0.2837679612558236,0.4368074220097196,0.295183402418528,0.0744595974117193,0.4041894758578621,0.0655897943698372,0.3342543027564791,0.0649810840407654,0.133901307079077,0.1235721337873419,0.0971818406128669,complete,True,raw model probabilities; author-balanced weekly mean,"ISO week beginning Monday, UTC"
2022-12-12 00:00:00+00:00,2022-12-18 00:00:00+00:00,2022,50,91372,359427,0.2975414997950901,0.436232033481117,0.3042604674844222,0.0756413191869038,0.3932194176837145,0.052884551809004,0.3418756558289927,0.0644297814089222,0.1281474117654726,0.1147201543793424,0.0979703520931628,complete,True,raw model probabilities; author-balanced weekly mean,"ISO week beginning Monday, UTC"
2022-12-19 00:00:00+00:00,2022-12-25 00:00:00+00:00,2022,51,69752,223549,0.2589585500880808,0.4472766867463336,0.2712099196110749,0.0751936855753691,0.4276914096978058,0.0644163020086731,0.3527859046541672,0.0584447474287585,0.1172634530513977,0.1187566361464974,0.1016724611177509,complete,True,raw model probabilities; author-balanced weekly mean,"ISO week beginning Monday, UTC"
2022-12-26 00:00:00+00:00,2023-01-01 00:00:00+00:00,2022,52,60783,192197,0.224101938546183,0.4602768417701484,0.2371290481566647,0.0742215022537124,0.4516541539088838,0.0677093501503581,0.3733852750480849,0.0569858276188277,0.1129709238030562,0.1214804833705265,0.1080965879127063,complete,True,raw model probabilities; author-balanced weekly mean,"ISO week beginning Monday, UTC"
2023-01-02 00:00:00+00:00,2023-01-08 00:00:00+00:00,2023,1,78811,272382,0.2467884506670025,0.472315269053193,0.2573602422882654,0.0719297480815822,0.4251091910318324,0.0544318325616597,0.3719991416866248,0.0573000121827711,0.1084854452408894,0.1178048757175343,0.1110373050620814,complete,True,raw model probabilities; author-balanced weekly mean,"ISO week beginning Monday, UTC"
2023-01-09 00:00:00+00:00,2023-01-15 00:00:00+00:00,2023,2,85101,297735,0.2199851737338269,0.4799994132039347,0.2307351071480063,0.0783158268975468,0.4472487164699036,0.0595370906511099,0.3854823998262585,0.0584790380341713,0.1100108085647987,0.1213013025969713,0.1154625832529885,complete,True,raw model probabilities; author-balanced weekly mean,"ISO week beginning Monday, UTC"
2023-01-16 00:00:00+00:00,2023-01-22 00:00:00+00:00,2023,3,88558,304179,0.2274478621572775,0.4817599583784768,0.2385918669808736,0.0733985687098363,0.444927629499046,0.0586255746871911,0.3808234188966812,0.0574550896064848,0.1091466894158941,0.1213775482539358,0.1140870139967936,complete,True,raw model probabilities; author-balanced weekly mean,"ISO week beginning Monday, UTC"
2023-01-23 00:00:00+00:00,2023-01-29 00:00:00+00:00,2023,4,95699,336339,0.205523823248265,0.4969732582663251,0.2195948029143372,0.0772238746941567,0.4675819029187603,0.0622047129131997,0.4000038298760243,0.0540313230836335,0.0992956832805726,0.1325839379338581,0.1209743716197366,complete,True,raw model probabilities; author-balanced weekly mean,"ISO week beginning Monday, UTC"
2023-01-30 00:00:00+00:00,2023-02-05 00:00:00+00:00,2023,5,104343,394449,0.2664010326585089,0.4561292873163389,0.2771577076625797,0.0766085788950043,0.4333748250269477,0.0545150738104222,0.355357712470646,0.0598592315922249,0.1187211771198498,0.1248010494182961,0.1068264100700533,complete,True,raw model probabilities; author-balanced weekly mean,"ISO week beginning Monday, UTC"
2023-02-06 00:00:00+00:00,2023-02-12 00:00:00+00:00,2023,6,104524,430351,0.2431801450939456,0.474182300117587,0.2531537886629676,0.0781416253397402,0.4499292619072498,0.0569023070770784,0.3749386803895136,0.0550843380973612,0.1036333110208716,0.1246904297445745,0.1145198044723029,complete,True,raw model probabilities; author-balanced weekly mean,"ISO week beginning Monday, UTC"
2023-02-13 00:00:00+00:00,2023-02-19 00:00:00+00:00,2023,7,96688,374795,0.2325462227801822,0.4700615652225379,0.2431030336911945,0.0863059144227082,0.4633922002889184,0.0632436933987218,0.3835136063793538,0.0534711020554605,0.0998338002448816,0.125609569123671,0.1164550838534591,complete,True,raw model probabilities; author-balanced weekly mean,"ISO week beginning Monday, UTC"
2023-02-20 00:00:00+00:00,2023-02-26 00:00:00+00:00,2023,8,89355,355951,0.2243286980639652,0.4886928666949003,0.2348986170798522,0.0795351295862954,0.463339720319016,0.0607977837529533,0.389594411876081,0.0535257935835552,0.0986680029061577,0.1270535477788253,0.1198549427796306,complete,True,raw model probabilities; author-balanced weekly mean,"ISO week beginning Monday, UTC"
2023-02-27 00:00:00+00:00,2023-03-05 00:00:00+00:00,2023,9,10044,17869,0.1714524387914472,0.5137916184713207,0.1807648164756579,0.0759950618049543,0.5295171126261242,0.0667961576097821,0.4388830751256894,0.0477755768512832,0.0861446264698624,0.1275268858758911,0.1350582076405749,incomplete: collection ended Monday 12:00 UTC,False,raw model probabilities; author-balanced weekly mean,"ISO week beginning Monday, UTC"
