week_start,week_end,iso_year,iso_week,topic_id,topic_label,mean_topic_share,n_active_authors,n_usable_author_week_documents,n_source_posts,boundary_status,plotted,score_scale,week_definition,interpretation
2022-10-31 00:00:00+00:00,2022-11-06 00:00:00+00:00,2022,44,0,Marketing/Social,0.0236185542750994,921,920,1531,complete,True,frozen-model topic probability; author-balanced weekly mean,"ISO week beginning Monday, UTC",weekly composition among authors with usable topic text
2022-10-31 00:00:00+00:00,2022-11-06 00:00:00+00:00,2022,44,1,AI Art Discourse,0.2326396157241165,921,920,1531,complete,True,frozen-model topic probability; author-balanced weekly mean,"ISO week beginning Monday, UTC",weekly composition among authors with usable topic text
2022-10-31 00:00:00+00:00,2022-11-06 00:00:00+00:00,2022,44,2,AI Tools/Code,0.1193054669980305,921,920,1531,complete,True,frozen-model topic probability; author-balanced weekly mean,"ISO week beginning Monday, UTC",weekly composition among authors with usable topic text
2022-10-31 00:00:00+00:00,2022-11-06 00:00:00+00:00,2022,44,3,Bard/LLMs,0.072017021197796,921,920,1531,complete,True,frozen-model topic probability; author-balanced weekly mean,"ISO week beginning Monday, UTC",weekly composition among authors with usable topic text
2022-10-31 00:00:00+00:00,2022-11-06 00:00:00+00:00,2022,44,4,Visual AI Art,0.072705825865984,921,920,1531,complete,True,frozen-model topic probability; author-balanced weekly mean,"ISO week beginning Monday, UTC",weekly composition among authors with usable topic text
2022-10-31 00:00:00+00:00,2022-11-06 00:00:00+00:00,2022,44,5,Bot/Spam,0.0064111604455122,921,920,1531,complete,True,frozen-model topic probability; author-balanced weekly mean,"ISO week beginning Monday, UTC",weekly composition among authors with usable topic text
2022-10-31 00:00:00+00:00,2022-11-06 00:00:00+00:00,2022,44,6,Tech/Programming,0.0709668223228974,921,920,1531,complete,True,frozen-model topic probability; author-balanced weekly mean,"ISO week beginning Monday, UTC",weekly composition among authors with usable topic text
2022-10-31 00:00:00+00:00,2022-11-06 00:00:00+00:00,2022,44,7,News/Updates,0.0116114096666004,921,920,1531,complete,True,frozen-model topic probability; author-balanced weekly mean,"ISO week beginning Monday, UTC",weekly composition among authors with usable topic text
2022-10-31 00:00:00+00:00,2022-11-06 00:00:00+00:00,2022,44,8,NFT/Crypto,0.0234026997395433,921,920,1531,complete,True,frozen-model topic probability; author-balanced weekly mean,"ISO week beginning Monday, UTC",weekly composition among authors with usable topic text
2022-10-31 00:00:00+00:00,2022-11-06 00:00:00+00:00,2022,44,9,Web3/DeFi,0.0124961886407776,921,920,1531,complete,True,frozen-model topic probability; author-balanced weekly mean,"ISO week beginning Monday, UTC",weekly composition among authors with usable topic text
2022-10-31 00:00:00+00:00,2022-11-06 00:00:00+00:00,2022,44,10,General AI,0.3472610996941117,921,920,1531,complete,True,frozen-model topic probability; author-balanced weekly mean,"ISO week beginning Monday, UTC",weekly composition among authors with usable topic text
2022-10-31 00:00:00+00:00,2022-11-06 00:00:00+00:00,2022,44,11,Trading/Invest,0.0075640454647624,921,920,1531,complete,True,frozen-model topic probability; author-balanced weekly mean,"ISO week beginning Monday, UTC",weekly composition among authors with usable topic text
2022-11-07 00:00:00+00:00,2022-11-13 00:00:00+00:00,2022,45,0,Marketing/Social,0.0271591116175605,1711,1709,2935,complete,True,frozen-model topic probability; author-balanced weekly mean,"ISO week beginning Monday, UTC",weekly composition among authors with usable topic text
2022-11-07 00:00:00+00:00,2022-11-13 00:00:00+00:00,2022,45,1,AI Art Discourse,0.2774744648794944,1711,1709,2935,complete,True,frozen-model topic probability; author-balanced weekly mean,"ISO week beginning Monday, UTC",weekly composition among authors with usable topic text
2022-11-07 00:00:00+00:00,2022-11-13 00:00:00+00:00,2022,45,2,AI Tools/Code,0.1052797754217133,1711,1709,2935,complete,True,frozen-model topic probability; author-balanced weekly mean,"ISO week beginning Monday, UTC",weekly composition among authors with usable topic text
2022-11-07 00:00:00+00:00,2022-11-13 00:00:00+00:00,2022,45,3,Bard/LLMs,0.0742606229076433,1711,1709,2935,complete,True,frozen-model topic probability; author-balanced weekly mean,"ISO week beginning Monday, UTC",weekly composition among authors with usable topic text
2022-11-07 00:00:00+00:00,2022-11-13 00:00:00+00:00,2022,45,4,Visual AI Art,0.0617722898703041,1711,1709,2935,complete,True,frozen-model topic probability; author-balanced weekly mean,"ISO week beginning Monday, UTC",weekly composition among authors with usable topic text
2022-11-07 00:00:00+00:00,2022-11-13 00:00:00+00:00,2022,45,5,Bot/Spam,0.0064626242276255,1711,1709,2935,complete,True,frozen-model topic probability; author-balanced weekly mean,"ISO week beginning Monday, UTC",weekly composition among authors with usable topic text
2022-11-07 00:00:00+00:00,2022-11-13 00:00:00+00:00,2022,45,6,Tech/Programming,0.0656006824447795,1711,1709,2935,complete,True,frozen-model topic probability; author-balanced weekly mean,"ISO week beginning Monday, UTC",weekly composition among authors with usable topic text
2022-11-07 00:00:00+00:00,2022-11-13 00:00:00+00:00,2022,45,7,News/Updates,0.0109596564638687,1711,1709,2935,complete,True,frozen-model topic probability; author-balanced weekly mean,"ISO week beginning Monday, UTC",weekly composition among authors with usable topic text
2022-11-07 00:00:00+00:00,2022-11-13 00:00:00+00:00,2022,45,8,NFT/Crypto,0.0303362590047497,1711,1709,2935,complete,True,frozen-model topic probability; author-balanced weekly mean,"ISO week beginning Monday, UTC",weekly composition among authors with usable topic text
2022-11-07 00:00:00+00:00,2022-11-13 00:00:00+00:00,2022,45,9,Web3/DeFi,0.0148039557870616,1711,1709,2935,complete,True,frozen-model topic probability; author-balanced weekly mean,"ISO week beginning Monday, UTC",weekly composition among authors with usable topic text
2022-11-07 00:00:00+00:00,2022-11-13 00:00:00+00:00,2022,45,10,General AI,0.3174068325721101,1711,1709,2935,complete,True,frozen-model topic probability; author-balanced weekly mean,"ISO week beginning Monday, UTC",weekly composition among authors with usable topic text
2022-11-07 00:00:00+00:00,2022-11-13 00:00:00+00:00,2022,45,11,Trading/Invest,0.0084836368093317,1711,1709,2935,complete,True,frozen-model topic probability; author-balanced weekly mean,"ISO week beginning Monday, UTC",weekly composition among authors with usable topic text
2022-11-14 00:00:00+00:00,2022-11-20 00:00:00+00:00,2022,46,0,Marketing/Social,0.0185447503597832,25357,25249,74658,complete,True,frozen-model topic probability; author-balanced weekly mean,"ISO week beginning Monday, UTC",weekly composition among authors with usable topic text
2022-11-14 00:00:00+00:00,2022-11-20 00:00:00+00:00,2022,46,1,AI Art Discourse,0.4385195200172823,25357,25249,74658,complete,True,frozen-model topic probability; author-balanced weekly mean,"ISO week beginning Monday, UTC",weekly composition among authors with usable topic text
2022-11-14 00:00:00+00:00,2022-11-20 00:00:00+00:00,2022,46,2,AI Tools/Code,0.1183948473182351,25357,25249,74658,complete,True,frozen-model topic probability; author-balanced weekly mean,"ISO week beginning Monday, UTC",weekly composition among authors with usable topic text
2022-11-14 00:00:00+00:00,2022-11-20 00:00:00+00:00,2022,46,3,Bard/LLMs,0.0653447983018989,25357,25249,74658,complete,True,frozen-model topic probability; author-balanced weekly mean,"ISO week beginning Monday, UTC",weekly composition among authors with usable topic text
2022-11-14 00:00:00+00:00,2022-11-20 00:00:00+00:00,2022,46,4,Visual AI Art,0.0357251449804545,25357,25249,74658,complete,True,frozen-model topic probability; author-balanced weekly mean,"ISO week beginning Monday, UTC",weekly composition among authors with usable topic text
2022-11-14 00:00:00+00:00,2022-11-20 00:00:00+00:00,2022,46,5,Bot/Spam,0.0076883641723727,25357,25249,74658,complete,True,frozen-model topic probability; author-balanced weekly mean,"ISO week beginning Monday, UTC",weekly composition among authors with usable topic text
2022-11-14 00:00:00+00:00,2022-11-20 00:00:00+00:00,2022,46,6,Tech/Programming,0.0187836089675749,25357,25249,74658,complete,True,frozen-model topic probability; author-balanced weekly mean,"ISO week beginning Monday, UTC",weekly composition among authors with usable topic text
2022-11-14 00:00:00+00:00,2022-11-20 00:00:00+00:00,2022,46,7,News/Updates,0.0128270399800567,25357,25249,74658,complete,True,frozen-model topic probability; author-balanced weekly mean,"ISO week beginning Monday, UTC",weekly composition among authors with usable topic text
2022-11-14 00:00:00+00:00,2022-11-20 00:00:00+00:00,2022,46,8,NFT/Crypto,0.0151957323352393,25357,25249,74658,complete,True,frozen-model topic probability; author-balanced weekly mean,"ISO week beginning Monday, UTC",weekly composition among authors with usable topic text
2022-11-14 00:00:00+00:00,2022-11-20 00:00:00+00:00,2022,46,9,Web3/DeFi,0.0113093965841346,25357,25249,74658,complete,True,frozen-model topic probability; author-balanced weekly mean,"ISO week beginning Monday, UTC",weekly composition among authors with usable topic text
2022-11-14 00:00:00+00:00,2022-11-20 00:00:00+00:00,2022,46,10,General AI,0.2492814525944943,25357,25249,74658,complete,True,frozen-model topic probability; author-balanced weekly mean,"ISO week beginning Monday, UTC",weekly composition among authors with usable topic text
2022-11-14 00:00:00+00:00,2022-11-20 00:00:00+00:00,2022,46,11,Trading/Invest,0.0083852424652627,25357,25249,74658,complete,True,frozen-model topic probability; author-balanced weekly mean,"ISO week beginning Monday, UTC",weekly composition among authors with usable topic text
2022-11-21 00:00:00+00:00,2022-11-27 00:00:00+00:00,2022,47,0,Marketing/Social,0.020625878191037,26673,26562,79364,complete,True,frozen-model topic probability; author-balanced weekly mean,"ISO week beginning Monday, UTC",weekly composition among authors with usable topic text
2022-11-21 00:00:00+00:00,2022-11-27 00:00:00+00:00,2022,47,1,AI Art Discourse,0.4441400822947743,26673,26562,79364,complete,True,frozen-model topic probability; author-balanced weekly mean,"ISO week beginning Monday, UTC",weekly composition among authors with usable topic text
2022-11-21 00:00:00+00:00,2022-11-27 00:00:00+00:00,2022,47,2,AI Tools/Code,0.1084621190593208,26673,26562,79364,complete,True,frozen-model topic probability; author-balanced weekly mean,"ISO week beginning Monday, UTC",weekly composition among authors with usable topic text
2022-11-21 00:00:00+00:00,2022-11-27 00:00:00+00:00,2022,47,3,Bard/LLMs,0.0677716625792156,26673,26562,79364,complete,True,frozen-model topic probability; author-balanced weekly mean,"ISO week beginning Monday, UTC",weekly composition among authors with usable topic text
2022-11-21 00:00:00+00:00,2022-11-27 00:00:00+00:00,2022,47,4,Visual AI Art,0.0363143121743221,26673,26562,79364,complete,True,frozen-model topic probability; author-balanced weekly mean,"ISO week beginning Monday, UTC",weekly composition among authors with usable topic text
2022-11-21 00:00:00+00:00,2022-11-27 00:00:00+00:00,2022,47,5,Bot/Spam,0.0072374117339638,26673,26562,79364,complete,True,frozen-model topic probability; author-balanced weekly mean,"ISO week beginning Monday, UTC",weekly composition among authors with usable topic text
2022-11-21 00:00:00+00:00,2022-11-27 00:00:00+00:00,2022,47,6,Tech/Programming,0.0182231127062593,26673,26562,79364,complete,True,frozen-model topic probability; author-balanced weekly mean,"ISO week beginning Monday, UTC",weekly composition among authors with usable topic text
2022-11-21 00:00:00+00:00,2022-11-27 00:00:00+00:00,2022,47,7,News/Updates,0.0132500930798344,26673,26562,79364,complete,True,frozen-model topic probability; author-balanced weekly mean,"ISO week beginning Monday, UTC",weekly composition among authors with usable topic text
2022-11-21 00:00:00+00:00,2022-11-27 00:00:00+00:00,2022,47,8,NFT/Crypto,0.0142787510916825,26673,26562,79364,complete,True,frozen-model topic probability; author-balanced weekly mean,"ISO week beginning Monday, UTC",weekly composition among authors with usable topic text
2022-11-21 00:00:00+00:00,2022-11-27 00:00:00+00:00,2022,47,9,Web3/DeFi,0.0099778904651782,26673,26562,79364,complete,True,frozen-model topic probability; author-balanced weekly mean,"ISO week beginning Monday, UTC",weekly composition among authors with usable topic text
2022-11-21 00:00:00+00:00,2022-11-27 00:00:00+00:00,2022,47,10,General AI,0.2508620878457883,26673,26562,79364,complete,True,frozen-model topic probability; author-balanced weekly mean,"ISO week beginning Monday, UTC",weekly composition among authors with usable topic text
2022-11-21 00:00:00+00:00,2022-11-27 00:00:00+00:00,2022,47,11,Trading/Invest,0.0088565008735446,26673,26562,79364,complete,True,frozen-model topic probability; author-balanced weekly mean,"ISO week beginning Monday, UTC",weekly composition among authors with usable topic text
2022-11-28 00:00:00+00:00,2022-12-04 00:00:00+00:00,2022,48,0,Marketing/Social,0.0152350800129629,57128,56825,172061,complete,True,frozen-model topic probability; author-balanced weekly mean,"ISO week beginning Monday, UTC",weekly composition among authors with usable topic text
2022-11-28 00:00:00+00:00,2022-12-04 00:00:00+00:00,2022,48,1,AI Art Discourse,0.552514550798511,57128,56825,172061,complete,True,frozen-model topic probability; author-balanced weekly mean,"ISO week beginning Monday, UTC",weekly composition among authors with usable topic text
2022-11-28 00:00:00+00:00,2022-12-04 00:00:00+00:00,2022,48,2,AI Tools/Code,0.1352396992138356,57128,56825,172061,complete,True,frozen-model topic probability; author-balanced weekly mean,"ISO week beginning Monday, UTC",weekly composition among authors with usable topic text
2022-11-28 00:00:00+00:00,2022-12-04 00:00:00+00:00,2022,48,3,Bard/LLMs,0.0394418264833747,57128,56825,172061,complete,True,frozen-model topic probability; author-balanced weekly mean,"ISO week beginning Monday, UTC",weekly composition among authors with usable topic text
2022-11-28 00:00:00+00:00,2022-12-04 00:00:00+00:00,2022,48,4,Visual AI Art,0.0238978589680771,57128,56825,172061,complete,True,frozen-model topic probability; author-balanced weekly mean,"ISO week beginning Monday, UTC",weekly composition among authors with usable topic text
2022-11-28 00:00:00+00:00,2022-12-04 00:00:00+00:00,2022,48,5,Bot/Spam,0.0071844248993782,57128,56825,172061,complete,True,frozen-model topic probability; author-balanced weekly mean,"ISO week beginning Monday, UTC",weekly composition among authors with usable topic text
2022-11-28 00:00:00+00:00,2022-12-04 00:00:00+00:00,2022,48,6,Tech/Programming,0.0117717354984209,57128,56825,172061,complete,True,frozen-model topic probability; author-balanced weekly mean,"ISO week beginning Monday, UTC",weekly composition among authors with usable topic text
2022-11-28 00:00:00+00:00,2022-12-04 00:00:00+00:00,2022,48,7,News/Updates,0.0093538449077188,57128,56825,172061,complete,True,frozen-model topic probability; author-balanced weekly mean,"ISO week beginning Monday, UTC",weekly composition among authors with usable topic text
2022-11-28 00:00:00+00:00,2022-12-04 00:00:00+00:00,2022,48,8,NFT/Crypto,0.0106211467856375,57128,56825,172061,complete,True,frozen-model topic probability; author-balanced weekly mean,"ISO week beginning Monday, UTC",weekly composition among authors with usable topic text
2022-11-28 00:00:00+00:00,2022-12-04 00:00:00+00:00,2022,48,9,Web3/DeFi,0.0076613154335578,57128,56825,172061,complete,True,frozen-model topic probability; author-balanced weekly mean,"ISO week beginning Monday, UTC",weekly composition among authors with usable topic text
2022-11-28 00:00:00+00:00,2022-12-04 00:00:00+00:00,2022,48,10,General AI,0.1800358398175862,57128,56825,172061,complete,True,frozen-model topic probability; author-balanced weekly mean,"ISO week beginning Monday, UTC",weekly composition among authors with usable topic text
2022-11-28 00:00:00+00:00,2022-12-04 00:00:00+00:00,2022,48,11,Trading/Invest,0.0070425824761289,57128,56825,172061,complete,True,frozen-model topic probability; author-balanced weekly mean,"ISO week beginning Monday, UTC",weekly composition among authors with usable topic text
2022-12-05 00:00:00+00:00,2022-12-11 00:00:00+00:00,2022,49,0,Marketing/Social,0.014465319144918,72006,71590,227561,complete,True,frozen-model topic probability; author-balanced weekly mean,"ISO week beginning Monday, UTC",weekly composition among authors with usable topic text
2022-12-05 00:00:00+00:00,2022-12-11 00:00:00+00:00,2022,49,1,AI Art Discourse,0.5477232527701499,72006,71590,227561,complete,True,frozen-model topic probability; author-balanced weekly mean,"ISO week beginning Monday, UTC",weekly composition among authors with usable topic text
2022-12-05 00:00:00+00:00,2022-12-11 00:00:00+00:00,2022,49,2,AI Tools/Code,0.1497732112643351,72006,71590,227561,complete,True,frozen-model topic probability; author-balanced weekly mean,"ISO week beginning Monday, UTC",weekly composition among authors with usable topic text
2022-12-05 00:00:00+00:00,2022-12-11 00:00:00+00:00,2022,49,3,Bard/LLMs,0.0363310577223335,72006,71590,227561,complete,True,frozen-model topic probability; author-balanced weekly mean,"ISO week beginning Monday, UTC",weekly composition among authors with usable topic text
2022-12-05 00:00:00+00:00,2022-12-11 00:00:00+00:00,2022,49,4,Visual AI Art,0.0204020144211303,72006,71590,227561,complete,True,frozen-model topic probability; author-balanced weekly mean,"ISO week beginning Monday, UTC",weekly composition among authors with usable topic text
2022-12-05 00:00:00+00:00,2022-12-11 00:00:00+00:00,2022,49,5,Bot/Spam,0.0073495814497996,72006,71590,227561,complete,True,frozen-model topic probability; author-balanced weekly mean,"ISO week beginning Monday, UTC",weekly composition among authors with usable topic text
2022-12-05 00:00:00+00:00,2022-12-11 00:00:00+00:00,2022,49,6,Tech/Programming,0.0100782305852024,72006,71590,227561,complete,True,frozen-model topic probability; author-balanced weekly mean,"ISO week beginning Monday, UTC",weekly composition among authors with usable topic text
2022-12-05 00:00:00+00:00,2022-12-11 00:00:00+00:00,2022,49,7,News/Updates,0.0090077238081911,72006,71590,227561,complete,True,frozen-model topic probability; author-balanced weekly mean,"ISO week beginning Monday, UTC",weekly composition among authors with usable topic text
2022-12-05 00:00:00+00:00,2022-12-11 00:00:00+00:00,2022,49,8,NFT/Crypto,0.0123976985336017,72006,71590,227561,complete,True,frozen-model topic probability; author-balanced weekly mean,"ISO week beginning Monday, UTC",weekly composition among authors with usable topic text
2022-12-05 00:00:00+00:00,2022-12-11 00:00:00+00:00,2022,49,9,Web3/DeFi,0.0087664382299987,72006,71590,227561,complete,True,frozen-model topic probability; author-balanced weekly mean,"ISO week beginning Monday, UTC",weekly composition among authors with usable topic text
2022-12-05 00:00:00+00:00,2022-12-11 00:00:00+00:00,2022,49,10,General AI,0.1756274315790562,72006,71590,227561,complete,True,frozen-model topic probability; author-balanced weekly mean,"ISO week beginning Monday, UTC",weekly composition among authors with usable topic text
2022-12-05 00:00:00+00:00,2022-12-11 00:00:00+00:00,2022,49,11,Trading/Invest,0.008077954755334,72006,71590,227561,complete,True,frozen-model topic probability; author-balanced weekly mean,"ISO week beginning Monday, UTC",weekly composition among authors with usable topic text
2022-12-12 00:00:00+00:00,2022-12-18 00:00:00+00:00,2022,50,0,Marketing/Social,0.0148211975902402,64944,64615,202113,complete,True,frozen-model topic probability; author-balanced weekly mean,"ISO week beginning Monday, UTC",weekly composition among authors with usable topic text
2022-12-12 00:00:00+00:00,2022-12-18 00:00:00+00:00,2022,50,1,AI Art Discourse,0.5725490693910109,64944,64615,202113,complete,True,frozen-model topic probability; author-balanced weekly mean,"ISO week beginning Monday, UTC",weekly composition among authors with usable topic text
2022-12-12 00:00:00+00:00,2022-12-18 00:00:00+00:00,2022,50,2,AI Tools/Code,0.1292570299708731,64944,64615,202113,complete,True,frozen-model topic probability; author-balanced weekly mean,"ISO week beginning Monday, UTC",weekly composition among authors with usable topic text
2022-12-12 00:00:00+00:00,2022-12-18 00:00:00+00:00,2022,50,3,Bard/LLMs,0.0375244322115558,64944,64615,202113,complete,True,frozen-model topic probability; author-balanced weekly mean,"ISO week beginning Monday, UTC",weekly composition among authors with usable topic text
2022-12-12 00:00:00+00:00,2022-12-18 00:00:00+00:00,2022,50,4,Visual AI Art,0.0211108790123776,64944,64615,202113,complete,True,frozen-model topic probability; author-balanced weekly mean,"ISO week beginning Monday, UTC",weekly composition among authors with usable topic text
2022-12-12 00:00:00+00:00,2022-12-18 00:00:00+00:00,2022,50,5,Bot/Spam,0.0066544293113282,64944,64615,202113,complete,True,frozen-model topic probability; author-balanced weekly mean,"ISO week beginning Monday, UTC",weekly composition among authors with usable topic text
2022-12-12 00:00:00+00:00,2022-12-18 00:00:00+00:00,2022,50,6,Tech/Programming,0.0101614390294918,64944,64615,202113,complete,True,frozen-model topic probability; author-balanced weekly mean,"ISO week beginning Monday, UTC",weekly composition among authors with usable topic text
2022-12-12 00:00:00+00:00,2022-12-18 00:00:00+00:00,2022,50,7,News/Updates,0.0091412632705192,64944,64615,202113,complete,True,frozen-model topic probability; author-balanced weekly mean,"ISO week beginning Monday, UTC",weekly composition among authors with usable topic text
2022-12-12 00:00:00+00:00,2022-12-18 00:00:00+00:00,2022,50,8,NFT/Crypto,0.0116013845697518,64944,64615,202113,complete,True,frozen-model topic probability; author-balanced weekly mean,"ISO week beginning Monday, UTC",weekly composition among authors with usable topic text
2022-12-12 00:00:00+00:00,2022-12-18 00:00:00+00:00,2022,50,9,Web3/DeFi,0.0147494454951486,64944,64615,202113,complete,True,frozen-model topic probability; author-balanced weekly mean,"ISO week beginning Monday, UTC",weekly composition among authors with usable topic text
2022-12-12 00:00:00+00:00,2022-12-18 00:00:00+00:00,2022,50,10,General AI,0.1649546451502019,64944,64615,202113,complete,True,frozen-model topic probability; author-balanced weekly mean,"ISO week beginning Monday, UTC",weekly composition among authors with usable topic text
2022-12-12 00:00:00+00:00,2022-12-18 00:00:00+00:00,2022,50,11,Trading/Invest,0.0074747000712612,64944,64615,202113,complete,True,frozen-model topic probability; author-balanced weekly mean,"ISO week beginning Monday, UTC",weekly composition among authors with usable topic text
2022-12-19 00:00:00+00:00,2022-12-25 00:00:00+00:00,2022,51,0,Marketing/Social,0.0182501443486509,48248,47870,136299,complete,True,frozen-model topic probability; author-balanced weekly mean,"ISO week beginning Monday, UTC",weekly composition among authors with usable topic text
2022-12-19 00:00:00+00:00,2022-12-25 00:00:00+00:00,2022,51,1,AI Art Discourse,0.4891963447177132,48248,47870,136299,complete,True,frozen-model topic probability; author-balanced weekly mean,"ISO week beginning Monday, UTC",weekly composition among authors with usable topic text
2022-12-19 00:00:00+00:00,2022-12-25 00:00:00+00:00,2022,51,2,AI Tools/Code,0.1427213528986932,48248,47870,136299,complete,True,frozen-model topic probability; author-balanced weekly mean,"ISO week beginning Monday, UTC",weekly composition among authors with usable topic text
2022-12-19 00:00:00+00:00,2022-12-25 00:00:00+00:00,2022,51,3,Bard/LLMs,0.0578333408231151,48248,47870,136299,complete,True,frozen-model topic probability; author-balanced weekly mean,"ISO week beginning Monday, UTC",weekly composition among authors with usable topic text
2022-12-19 00:00:00+00:00,2022-12-25 00:00:00+00:00,2022,51,4,Visual AI Art,0.0256127954780222,48248,47870,136299,complete,True,frozen-model topic probability; author-balanced weekly mean,"ISO week beginning Monday, UTC",weekly composition among authors with usable topic text
2022-12-19 00:00:00+00:00,2022-12-25 00:00:00+00:00,2022,51,5,Bot/Spam,0.0076378330112655,48248,47870,136299,complete,True,frozen-model topic probability; author-balanced weekly mean,"ISO week beginning Monday, UTC",weekly composition among authors with usable topic text
2022-12-19 00:00:00+00:00,2022-12-25 00:00:00+00:00,2022,51,6,Tech/Programming,0.0127280649382975,48248,47870,136299,complete,True,frozen-model topic probability; author-balanced weekly mean,"ISO week beginning Monday, UTC",weekly composition among authors with usable topic text
2022-12-19 00:00:00+00:00,2022-12-25 00:00:00+00:00,2022,51,7,News/Updates,0.0109095749094149,48248,47870,136299,complete,True,frozen-model topic probability; author-balanced weekly mean,"ISO week beginning Monday, UTC",weekly composition among authors with usable topic text
2022-12-19 00:00:00+00:00,2022-12-25 00:00:00+00:00,2022,51,8,NFT/Crypto,0.0143721388520381,48248,47870,136299,complete,True,frozen-model topic probability; author-balanced weekly mean,"ISO week beginning Monday, UTC",weekly composition among authors with usable topic text
2022-12-19 00:00:00+00:00,2022-12-25 00:00:00+00:00,2022,51,9,Web3/DeFi,0.0175061202674118,48248,47870,136299,complete,True,frozen-model topic probability; author-balanced weekly mean,"ISO week beginning Monday, UTC",weekly composition among authors with usable topic text
2022-12-19 00:00:00+00:00,2022-12-25 00:00:00+00:00,2022,51,10,General AI,0.1949907071757303,48248,47870,136299,complete,True,frozen-model topic probability; author-balanced weekly mean,"ISO week beginning Monday, UTC",weekly composition among authors with usable topic text
2022-12-19 00:00:00+00:00,2022-12-25 00:00:00+00:00,2022,51,11,Trading/Invest,0.0082414843457865,48248,47870,136299,complete,True,frozen-model topic probability; author-balanced weekly mean,"ISO week beginning Monday, UTC",weekly composition among authors with usable topic text
2022-12-26 00:00:00+00:00,2023-01-01 00:00:00+00:00,2022,52,0,Marketing/Social,0.0181584824681805,40312,40009,119710,complete,True,frozen-model topic probability; author-balanced weekly mean,"ISO week beginning Monday, UTC",weekly composition among authors with usable topic text
2022-12-26 00:00:00+00:00,2023-01-01 00:00:00+00:00,2022,52,1,AI Art Discourse,0.4665399950316091,40312,40009,119710,complete,True,frozen-model topic probability; author-balanced weekly mean,"ISO week beginning Monday, UTC",weekly composition among authors with usable topic text
2022-12-26 00:00:00+00:00,2023-01-01 00:00:00+00:00,2022,52,2,AI Tools/Code,0.1505826243727223,40312,40009,119710,complete,True,frozen-model topic probability; author-balanced weekly mean,"ISO week beginning Monday, UTC",weekly composition among authors with usable topic text
2022-12-26 00:00:00+00:00,2023-01-01 00:00:00+00:00,2022,52,3,Bard/LLMs,0.0567053537405045,40312,40009,119710,complete,True,frozen-model topic probability; author-balanced weekly mean,"ISO week beginning Monday, UTC",weekly composition among authors with usable topic text
2022-12-26 00:00:00+00:00,2023-01-01 00:00:00+00:00,2022,52,4,Visual AI Art,0.0272964147062911,40312,40009,119710,complete,True,frozen-model topic probability; author-balanced weekly mean,"ISO week beginning Monday, UTC",weekly composition among authors with usable topic text
2022-12-26 00:00:00+00:00,2023-01-01 00:00:00+00:00,2022,52,5,Bot/Spam,0.0078653658575983,40312,40009,119710,complete,True,frozen-model topic probability; author-balanced weekly mean,"ISO week beginning Monday, UTC",weekly composition among authors with usable topic text
2022-12-26 00:00:00+00:00,2023-01-01 00:00:00+00:00,2022,52,6,Tech/Programming,0.0147594899478308,40312,40009,119710,complete,True,frozen-model topic probability; author-balanced weekly mean,"ISO week beginning Monday, UTC",weekly composition among authors with usable topic text
2022-12-26 00:00:00+00:00,2023-01-01 00:00:00+00:00,2022,52,7,News/Updates,0.0110709820458119,40312,40009,119710,complete,True,frozen-model topic probability; author-balanced weekly mean,"ISO week beginning Monday, UTC",weekly composition among authors with usable topic text
2022-12-26 00:00:00+00:00,2023-01-01 00:00:00+00:00,2022,52,8,NFT/Crypto,0.0152539210725482,40312,40009,119710,complete,True,frozen-model topic probability; author-balanced weekly mean,"ISO week beginning Monday, UTC",weekly composition among authors with usable topic text
2022-12-26 00:00:00+00:00,2023-01-01 00:00:00+00:00,2022,52,9,Web3/DeFi,0.0148203885919695,40312,40009,119710,complete,True,frozen-model topic probability; author-balanced weekly mean,"ISO week beginning Monday, UTC",weekly composition among authors with usable topic text
2022-12-26 00:00:00+00:00,2023-01-01 00:00:00+00:00,2022,52,10,General AI,0.2059674402148126,40312,40009,119710,complete,True,frozen-model topic probability; author-balanced weekly mean,"ISO week beginning Monday, UTC",weekly composition among authors with usable topic text
2022-12-26 00:00:00+00:00,2023-01-01 00:00:00+00:00,2022,52,11,Trading/Invest,0.0109794442533096,40312,40009,119710,complete,True,frozen-model topic probability; author-balanced weekly mean,"ISO week beginning Monday, UTC",weekly composition among authors with usable topic text
2023-01-02 00:00:00+00:00,2023-01-08 00:00:00+00:00,2023,1,0,Marketing/Social,0.0179167493539679,52861,51825,161473,complete,True,frozen-model topic probability; author-balanced weekly mean,"ISO week beginning Monday, UTC",weekly composition among authors with usable topic text
2023-01-02 00:00:00+00:00,2023-01-08 00:00:00+00:00,2023,1,1,AI Art Discourse,0.4552665452591206,52861,51825,161473,complete,True,frozen-model topic probability; author-balanced weekly mean,"ISO week beginning Monday, UTC",weekly composition among authors with usable topic text
2023-01-02 00:00:00+00:00,2023-01-08 00:00:00+00:00,2023,1,2,AI Tools/Code,0.1661747090303866,52861,51825,161473,complete,True,frozen-model topic probability; author-balanced weekly mean,"ISO week beginning Monday, UTC",weekly composition among authors with usable topic text
2023-01-02 00:00:00+00:00,2023-01-08 00:00:00+00:00,2023,1,3,Bard/LLMs,0.0453922354344015,52861,51825,161473,complete,True,frozen-model topic probability; author-balanced weekly mean,"ISO week beginning Monday, UTC",weekly composition among authors with usable topic text
2023-01-02 00:00:00+00:00,2023-01-08 00:00:00+00:00,2023,1,4,Visual AI Art,0.024089272687192,52861,51825,161473,complete,True,frozen-model topic probability; author-balanced weekly mean,"ISO week beginning Monday, UTC",weekly composition among authors with usable topic text
2023-01-02 00:00:00+00:00,2023-01-08 00:00:00+00:00,2023,1,5,Bot/Spam,0.0067860374564863,52861,51825,161473,complete,True,frozen-model topic probability; author-balanced weekly mean,"ISO week beginning Monday, UTC",weekly composition among authors with usable topic text
2023-01-02 00:00:00+00:00,2023-01-08 00:00:00+00:00,2023,1,6,Tech/Programming,0.0140761262729563,52861,51825,161473,complete,True,frozen-model topic probability; author-balanced weekly mean,"ISO week beginning Monday, UTC",weekly composition among authors with usable topic text
2023-01-02 00:00:00+00:00,2023-01-08 00:00:00+00:00,2023,1,7,News/Updates,0.0108017960354735,52861,51825,161473,complete,True,frozen-model topic probability; author-balanced weekly mean,"ISO week beginning Monday, UTC",weekly composition among authors with usable topic text
2023-01-02 00:00:00+00:00,2023-01-08 00:00:00+00:00,2023,1,8,NFT/Crypto,0.0155167405014922,52861,51825,161473,complete,True,frozen-model topic probability; author-balanced weekly mean,"ISO week beginning Monday, UTC",weekly composition among authors with usable topic text
2023-01-02 00:00:00+00:00,2023-01-08 00:00:00+00:00,2023,1,9,Web3/DeFi,0.0115522797244717,52861,51825,161473,complete,True,frozen-model topic probability; author-balanced weekly mean,"ISO week beginning Monday, UTC",weekly composition among authors with usable topic text
2023-01-02 00:00:00+00:00,2023-01-08 00:00:00+00:00,2023,1,10,General AI,0.2217353570876127,52861,51825,161473,complete,True,frozen-model topic probability; author-balanced weekly mean,"ISO week beginning Monday, UTC",weekly composition among authors with usable topic text
2023-01-02 00:00:00+00:00,2023-01-08 00:00:00+00:00,2023,1,11,Trading/Invest,0.0106920587581736,52861,51825,161473,complete,True,frozen-model topic probability; author-balanced weekly mean,"ISO week beginning Monday, UTC",weekly composition among authors with usable topic text
2023-01-09 00:00:00+00:00,2023-01-15 00:00:00+00:00,2023,2,0,Marketing/Social,0.0189219070922156,58104,57584,177810,complete,True,frozen-model topic probability; author-balanced weekly mean,"ISO week beginning Monday, UTC",weekly composition among authors with usable topic text
2023-01-09 00:00:00+00:00,2023-01-15 00:00:00+00:00,2023,2,1,AI Art Discourse,0.4361248322114629,58104,57584,177810,complete,True,frozen-model topic probability; author-balanced weekly mean,"ISO week beginning Monday, UTC",weekly composition among authors with usable topic text
2023-01-09 00:00:00+00:00,2023-01-15 00:00:00+00:00,2023,2,2,AI Tools/Code,0.1689406490586578,58104,57584,177810,complete,True,frozen-model topic probability; author-balanced weekly mean,"ISO week beginning Monday, UTC",weekly composition among authors with usable topic text
2023-01-09 00:00:00+00:00,2023-01-15 00:00:00+00:00,2023,2,3,Bard/LLMs,0.043905883219011,58104,57584,177810,complete,True,frozen-model topic probability; author-balanced weekly mean,"ISO week beginning Monday, UTC",weekly composition among authors with usable topic text
2023-01-09 00:00:00+00:00,2023-01-15 00:00:00+00:00,2023,2,4,Visual AI Art,0.0221096718792596,58104,57584,177810,complete,True,frozen-model topic probability; author-balanced weekly mean,"ISO week beginning Monday, UTC",weekly composition among authors with usable topic text
2023-01-09 00:00:00+00:00,2023-01-15 00:00:00+00:00,2023,2,5,Bot/Spam,0.0072076799996389,58104,57584,177810,complete,True,frozen-model topic probability; author-balanced weekly mean,"ISO week beginning Monday, UTC",weekly composition among authors with usable topic text
2023-01-09 00:00:00+00:00,2023-01-15 00:00:00+00:00,2023,2,6,Tech/Programming,0.0128686216644175,58104,57584,177810,complete,True,frozen-model topic probability; author-balanced weekly mean,"ISO week beginning Monday, UTC",weekly composition among authors with usable topic text
2023-01-09 00:00:00+00:00,2023-01-15 00:00:00+00:00,2023,2,7,News/Updates,0.0131195191677263,58104,57584,177810,complete,True,frozen-model topic probability; author-balanced weekly mean,"ISO week beginning Monday, UTC",weekly composition among authors with usable topic text
2023-01-09 00:00:00+00:00,2023-01-15 00:00:00+00:00,2023,2,8,NFT/Crypto,0.0263762164312182,58104,57584,177810,complete,True,frozen-model topic probability; author-balanced weekly mean,"ISO week beginning Monday, UTC",weekly composition among authors with usable topic text
2023-01-09 00:00:00+00:00,2023-01-15 00:00:00+00:00,2023,2,9,Web3/DeFi,0.0138890163108135,58104,57584,177810,complete,True,frozen-model topic probability; author-balanced weekly mean,"ISO week beginning Monday, UTC",weekly composition among authors with usable topic text
2023-01-09 00:00:00+00:00,2023-01-15 00:00:00+00:00,2023,2,10,General AI,0.2243538264734851,58104,57584,177810,complete,True,frozen-model topic probability; author-balanced weekly mean,"ISO week beginning Monday, UTC",weekly composition among authors with usable topic text
2023-01-09 00:00:00+00:00,2023-01-15 00:00:00+00:00,2023,2,11,Trading/Invest,0.0121820820746888,58104,57584,177810,complete,True,frozen-model topic probability; author-balanced weekly mean,"ISO week beginning Monday, UTC",weekly composition among authors with usable topic text
2023-01-16 00:00:00+00:00,2023-01-22 00:00:00+00:00,2023,3,0,Marketing/Social,0.0182294633309455,59261,58725,173745,complete,True,frozen-model topic probability; author-balanced weekly mean,"ISO week beginning Monday, UTC",weekly composition among authors with usable topic text
2023-01-16 00:00:00+00:00,2023-01-22 00:00:00+00:00,2023,3,1,AI Art Discourse,0.4422295890022408,59261,58725,173745,complete,True,frozen-model topic probability; author-balanced weekly mean,"ISO week beginning Monday, UTC",weekly composition among authors with usable topic text
2023-01-16 00:00:00+00:00,2023-01-22 00:00:00+00:00,2023,3,2,AI Tools/Code,0.1561980549684115,59261,58725,173745,complete,True,frozen-model topic probability; author-balanced weekly mean,"ISO week beginning Monday, UTC",weekly composition among authors with usable topic text
2023-01-16 00:00:00+00:00,2023-01-22 00:00:00+00:00,2023,3,3,Bard/LLMs,0.0456601532507195,59261,58725,173745,complete,True,frozen-model topic probability; author-balanced weekly mean,"ISO week beginning Monday, UTC",weekly composition among authors with usable topic text
2023-01-16 00:00:00+00:00,2023-01-22 00:00:00+00:00,2023,3,4,Visual AI Art,0.0225649045812713,59261,58725,173745,complete,True,frozen-model topic probability; author-balanced weekly mean,"ISO week beginning Monday, UTC",weekly composition among authors with usable topic text
2023-01-16 00:00:00+00:00,2023-01-22 00:00:00+00:00,2023,3,5,Bot/Spam,0.0074771802361266,59261,58725,173745,complete,True,frozen-model topic probability; author-balanced weekly mean,"ISO week beginning Monday, UTC",weekly composition among authors with usable topic text
2023-01-16 00:00:00+00:00,2023-01-22 00:00:00+00:00,2023,3,6,Tech/Programming,0.0123493076206678,59261,58725,173745,complete,True,frozen-model topic probability; author-balanced weekly mean,"ISO week beginning Monday, UTC",weekly composition among authors with usable topic text
2023-01-16 00:00:00+00:00,2023-01-22 00:00:00+00:00,2023,3,7,News/Updates,0.01089103393555,59261,58725,173745,complete,True,frozen-model topic probability; author-balanced weekly mean,"ISO week beginning Monday, UTC",weekly composition among authors with usable topic text
2023-01-16 00:00:00+00:00,2023-01-22 00:00:00+00:00,2023,3,8,NFT/Crypto,0.02162597514203,59261,58725,173745,complete,True,frozen-model topic probability; author-balanced weekly mean,"ISO week beginning Monday, UTC",weekly composition among authors with usable topic text
2023-01-16 00:00:00+00:00,2023-01-22 00:00:00+00:00,2023,3,9,Web3/DeFi,0.022497934940979,59261,58725,173745,complete,True,frozen-model topic probability; author-balanced weekly mean,"ISO week beginning Monday, UTC",weekly composition among authors with usable topic text
2023-01-16 00:00:00+00:00,2023-01-22 00:00:00+00:00,2023,3,10,General AI,0.2296773084675172,59261,58725,173745,complete,True,frozen-model topic probability; author-balanced weekly mean,"ISO week beginning Monday, UTC",weekly composition among authors with usable topic text
2023-01-16 00:00:00+00:00,2023-01-22 00:00:00+00:00,2023,3,11,Trading/Invest,0.010599002440934,59261,58725,173745,complete,True,frozen-model topic probability; author-balanced weekly mean,"ISO week beginning Monday, UTC",weekly composition among authors with usable topic text
2023-01-23 00:00:00+00:00,2023-01-29 00:00:00+00:00,2023,4,0,Marketing/Social,0.0177775127043466,65416,64931,195177,complete,True,frozen-model topic probability; author-balanced weekly mean,"ISO week beginning Monday, UTC",weekly composition among authors with usable topic text
2023-01-23 00:00:00+00:00,2023-01-29 00:00:00+00:00,2023,4,1,AI Art Discourse,0.4213416370515947,65416,64931,195177,complete,True,frozen-model topic probability; author-balanced weekly mean,"ISO week beginning Monday, UTC",weekly composition among authors with usable topic text
2023-01-23 00:00:00+00:00,2023-01-29 00:00:00+00:00,2023,4,2,AI Tools/Code,0.1500649871043938,65416,64931,195177,complete,True,frozen-model topic probability; author-balanced weekly mean,"ISO week beginning Monday, UTC",weekly composition among authors with usable topic text
2023-01-23 00:00:00+00:00,2023-01-29 00:00:00+00:00,2023,4,3,Bard/LLMs,0.040639386650408,65416,64931,195177,complete,True,frozen-model topic probability; author-balanced weekly mean,"ISO week beginning Monday, UTC",weekly composition among authors with usable topic text
2023-01-23 00:00:00+00:00,2023-01-29 00:00:00+00:00,2023,4,4,Visual AI Art,0.0207764645665273,65416,64931,195177,complete,True,frozen-model topic probability; author-balanced weekly mean,"ISO week beginning Monday, UTC",weekly composition among authors with usable topic text
2023-01-23 00:00:00+00:00,2023-01-29 00:00:00+00:00,2023,4,5,Bot/Spam,0.0082599586055954,65416,64931,195177,complete,True,frozen-model topic probability; author-balanced weekly mean,"ISO week beginning Monday, UTC",weekly composition among authors with usable topic text
2023-01-23 00:00:00+00:00,2023-01-29 00:00:00+00:00,2023,4,6,Tech/Programming,0.0112005311086356,65416,64931,195177,complete,True,frozen-model topic probability; author-balanced weekly mean,"ISO week beginning Monday, UTC",weekly composition among authors with usable topic text
2023-01-23 00:00:00+00:00,2023-01-29 00:00:00+00:00,2023,4,7,News/Updates,0.0106933745148218,65416,64931,195177,complete,True,frozen-model topic probability; author-balanced weekly mean,"ISO week beginning Monday, UTC",weekly composition among authors with usable topic text
2023-01-23 00:00:00+00:00,2023-01-29 00:00:00+00:00,2023,4,8,NFT/Crypto,0.022411227029304,65416,64931,195177,complete,True,frozen-model topic probability; author-balanced weekly mean,"ISO week beginning Monday, UTC",weekly composition among authors with usable topic text
2023-01-23 00:00:00+00:00,2023-01-29 00:00:00+00:00,2023,4,9,Web3/DeFi,0.0454858645717388,65416,64931,195177,complete,True,frozen-model topic probability; author-balanced weekly mean,"ISO week beginning Monday, UTC",weekly composition among authors with usable topic text
2023-01-23 00:00:00+00:00,2023-01-29 00:00:00+00:00,2023,4,10,General AI,0.2385337729370953,65416,64931,195177,complete,True,frozen-model topic probability; author-balanced weekly mean,"ISO week beginning Monday, UTC",weekly composition among authors with usable topic text
2023-01-23 00:00:00+00:00,2023-01-29 00:00:00+00:00,2023,4,11,Trading/Invest,0.0128151912793269,65416,64931,195177,complete,True,frozen-model topic probability; author-balanced weekly mean,"ISO week beginning Monday, UTC",weekly composition among authors with usable topic text
2023-01-30 00:00:00+00:00,2023-02-05 00:00:00+00:00,2023,5,0,Marketing/Social,0.0175805543078775,73147,72655,228216,complete,True,frozen-model topic probability; author-balanced weekly mean,"ISO week beginning Monday, UTC",weekly composition among authors with usable topic text
2023-01-30 00:00:00+00:00,2023-02-05 00:00:00+00:00,2023,5,1,AI Art Discourse,0.4664834045846959,73147,72655,228216,complete,True,frozen-model topic probability; author-balanced weekly mean,"ISO week beginning Monday, UTC",weekly composition among authors with usable topic text
2023-01-30 00:00:00+00:00,2023-02-05 00:00:00+00:00,2023,5,2,AI Tools/Code,0.141019589112504,73147,72655,228216,complete,True,frozen-model topic probability; author-balanced weekly mean,"ISO week beginning Monday, UTC",weekly composition among authors with usable topic text
2023-01-30 00:00:00+00:00,2023-02-05 00:00:00+00:00,2023,5,3,Bard/LLMs,0.0404176347805085,73147,72655,228216,complete,True,frozen-model topic probability; author-balanced weekly mean,"ISO week beginning Monday, UTC",weekly composition among authors with usable topic text
2023-01-30 00:00:00+00:00,2023-02-05 00:00:00+00:00,2023,5,4,Visual AI Art,0.0204573307619198,73147,72655,228216,complete,True,frozen-model topic probability; author-balanced weekly mean,"ISO week beginning Monday, UTC",weekly composition among authors with usable topic text
2023-01-30 00:00:00+00:00,2023-02-05 00:00:00+00:00,2023,5,5,Bot/Spam,0.0074657934316448,73147,72655,228216,complete,True,frozen-model topic probability; author-balanced weekly mean,"ISO week beginning Monday, UTC",weekly composition among authors with usable topic text
2023-01-30 00:00:00+00:00,2023-02-05 00:00:00+00:00,2023,5,6,Tech/Programming,0.0106539731848987,73147,72655,228216,complete,True,frozen-model topic probability; author-balanced weekly mean,"ISO week beginning Monday, UTC",weekly composition among authors with usable topic text
2023-01-30 00:00:00+00:00,2023-02-05 00:00:00+00:00,2023,5,7,News/Updates,0.0109656561367713,73147,72655,228216,complete,True,frozen-model topic probability; author-balanced weekly mean,"ISO week beginning Monday, UTC",weekly composition among authors with usable topic text
2023-01-30 00:00:00+00:00,2023-02-05 00:00:00+00:00,2023,5,8,NFT/Crypto,0.0282956809456352,73147,72655,228216,complete,True,frozen-model topic probability; author-balanced weekly mean,"ISO week beginning Monday, UTC",weekly composition among authors with usable topic text
2023-01-30 00:00:00+00:00,2023-02-05 00:00:00+00:00,2023,5,9,Web3/DeFi,0.0284582149304844,73147,72655,228216,complete,True,frozen-model topic probability; author-balanced weekly mean,"ISO week beginning Monday, UTC",weekly composition among authors with usable topic text
2023-01-30 00:00:00+00:00,2023-02-05 00:00:00+00:00,2023,5,10,General AI,0.2148552582544299,73147,72655,228216,complete,True,frozen-model topic probability; author-balanced weekly mean,"ISO week beginning Monday, UTC",weekly composition among authors with usable topic text
2023-01-30 00:00:00+00:00,2023-02-05 00:00:00+00:00,2023,5,11,Trading/Invest,0.0133468169311659,73147,72655,228216,complete,True,frozen-model topic probability; author-balanced weekly mean,"ISO week beginning Monday, UTC",weekly composition among authors with usable topic text
2023-02-06 00:00:00+00:00,2023-02-12 00:00:00+00:00,2023,6,0,Marketing/Social,0.0174499350563387,75316,74943,254633,complete,True,frozen-model topic probability; author-balanced weekly mean,"ISO week beginning Monday, UTC",weekly composition among authors with usable topic text
2023-02-06 00:00:00+00:00,2023-02-12 00:00:00+00:00,2023,6,1,AI Art Discourse,0.4190502940933636,75316,74943,254633,complete,True,frozen-model topic probability; author-balanced weekly mean,"ISO week beginning Monday, UTC",weekly composition among authors with usable topic text
2023-02-06 00:00:00+00:00,2023-02-12 00:00:00+00:00,2023,6,2,AI Tools/Code,0.1431357774593536,75316,74943,254633,complete,True,frozen-model topic probability; author-balanced weekly mean,"ISO week beginning Monday, UTC",weekly composition among authors with usable topic text
2023-02-06 00:00:00+00:00,2023-02-12 00:00:00+00:00,2023,6,3,Bard/LLMs,0.050872464945524,75316,74943,254633,complete,True,frozen-model topic probability; author-balanced weekly mean,"ISO week beginning Monday, UTC",weekly composition among authors with usable topic text
2023-02-06 00:00:00+00:00,2023-02-12 00:00:00+00:00,2023,6,4,Visual AI Art,0.0172853097624828,75316,74943,254633,complete,True,frozen-model topic probability; author-balanced weekly mean,"ISO week beginning Monday, UTC",weekly composition among authors with usable topic text
2023-02-06 00:00:00+00:00,2023-02-12 00:00:00+00:00,2023,6,5,Bot/Spam,0.0079273483093091,75316,74943,254633,complete,True,frozen-model topic probability; author-balanced weekly mean,"ISO week beginning Monday, UTC",weekly composition among authors with usable topic text
2023-02-06 00:00:00+00:00,2023-02-12 00:00:00+00:00,2023,6,6,Tech/Programming,0.0093625189887367,75316,74943,254633,complete,True,frozen-model topic probability; author-balanced weekly mean,"ISO week beginning Monday, UTC",weekly composition among authors with usable topic text
2023-02-06 00:00:00+00:00,2023-02-12 00:00:00+00:00,2023,6,7,News/Updates,0.0113809215574212,75316,74943,254633,complete,True,frozen-model topic probability; author-balanced weekly mean,"ISO week beginning Monday, UTC",weekly composition among authors with usable topic text
2023-02-06 00:00:00+00:00,2023-02-12 00:00:00+00:00,2023,6,8,NFT/Crypto,0.0417724274043717,75316,74943,254633,complete,True,frozen-model topic probability; author-balanced weekly mean,"ISO week beginning Monday, UTC",weekly composition among authors with usable topic text
2023-02-06 00:00:00+00:00,2023-02-12 00:00:00+00:00,2023,6,9,Web3/DeFi,0.034308655171438,75316,74943,254633,complete,True,frozen-model topic probability; author-balanced weekly mean,"ISO week beginning Monday, UTC",weekly composition among authors with usable topic text
2023-02-06 00:00:00+00:00,2023-02-12 00:00:00+00:00,2023,6,10,General AI,0.2322691235259115,75316,74943,254633,complete,True,frozen-model topic probability; author-balanced weekly mean,"ISO week beginning Monday, UTC",weekly composition among authors with usable topic text
2023-02-06 00:00:00+00:00,2023-02-12 00:00:00+00:00,2023,6,11,Trading/Invest,0.0151851401656861,75316,74943,254633,complete,True,frozen-model topic probability; author-balanced weekly mean,"ISO week beginning Monday, UTC",weekly composition among authors with usable topic text
2023-02-13 00:00:00+00:00,2023-02-19 00:00:00+00:00,2023,7,0,Marketing/Social,0.0186792728024703,68320,67832,217111,complete,True,frozen-model topic probability; author-balanced weekly mean,"ISO week beginning Monday, UTC",weekly composition among authors with usable topic text
2023-02-13 00:00:00+00:00,2023-02-19 00:00:00+00:00,2023,7,1,AI Art Discourse,0.4147885300329815,68320,67832,217111,complete,True,frozen-model topic probability; author-balanced weekly mean,"ISO week beginning Monday, UTC",weekly composition among authors with usable topic text
2023-02-13 00:00:00+00:00,2023-02-19 00:00:00+00:00,2023,7,2,AI Tools/Code,0.1388064988238836,68320,67832,217111,complete,True,frozen-model topic probability; author-balanced weekly mean,"ISO week beginning Monday, UTC",weekly composition among authors with usable topic text
2023-02-13 00:00:00+00:00,2023-02-19 00:00:00+00:00,2023,7,3,Bard/LLMs,0.0467939379502272,68320,67832,217111,complete,True,frozen-model topic probability; author-balanced weekly mean,"ISO week beginning Monday, UTC",weekly composition among authors with usable topic text
2023-02-13 00:00:00+00:00,2023-02-19 00:00:00+00:00,2023,7,4,Visual AI Art,0.0178746596307321,68320,67832,217111,complete,True,frozen-model topic probability; author-balanced weekly mean,"ISO week beginning Monday, UTC",weekly composition among authors with usable topic text
2023-02-13 00:00:00+00:00,2023-02-19 00:00:00+00:00,2023,7,5,Bot/Spam,0.0093427826788484,68320,67832,217111,complete,True,frozen-model topic probability; author-balanced weekly mean,"ISO week beginning Monday, UTC",weekly composition among authors with usable topic text
2023-02-13 00:00:00+00:00,2023-02-19 00:00:00+00:00,2023,7,6,Tech/Programming,0.0100587200264527,68320,67832,217111,complete,True,frozen-model topic probability; author-balanced weekly mean,"ISO week beginning Monday, UTC",weekly composition among authors with usable topic text
2023-02-13 00:00:00+00:00,2023-02-19 00:00:00+00:00,2023,7,7,News/Updates,0.0104131314842221,68320,67832,217111,complete,True,frozen-model topic probability; author-balanced weekly mean,"ISO week beginning Monday, UTC",weekly composition among authors with usable topic text
2023-02-13 00:00:00+00:00,2023-02-19 00:00:00+00:00,2023,7,8,NFT/Crypto,0.0253245890778951,68320,67832,217111,complete,True,frozen-model topic probability; author-balanced weekly mean,"ISO week beginning Monday, UTC",weekly composition among authors with usable topic text
2023-02-13 00:00:00+00:00,2023-02-19 00:00:00+00:00,2023,7,9,Web3/DeFi,0.0617249584336612,68320,67832,217111,complete,True,frozen-model topic probability; author-balanced weekly mean,"ISO week beginning Monday, UTC",weekly composition among authors with usable topic text
2023-02-13 00:00:00+00:00,2023-02-19 00:00:00+00:00,2023,7,10,General AI,0.2338671864876221,68320,67832,217111,complete,True,frozen-model topic probability; author-balanced weekly mean,"ISO week beginning Monday, UTC",weekly composition among authors with usable topic text
2023-02-13 00:00:00+00:00,2023-02-19 00:00:00+00:00,2023,7,11,Trading/Invest,0.0123256470147963,68320,67832,217111,complete,True,frozen-model topic probability; author-balanced weekly mean,"ISO week beginning Monday, UTC",weekly composition among authors with usable topic text
2023-02-20 00:00:00+00:00,2023-02-26 00:00:00+00:00,2023,8,0,Marketing/Social,0.0199501313786602,62024,61610,201413,complete,True,frozen-model topic probability; author-balanced weekly mean,"ISO week beginning Monday, UTC",weekly composition among authors with usable topic text
2023-02-20 00:00:00+00:00,2023-02-26 00:00:00+00:00,2023,8,1,AI Art Discourse,0.4143846780895491,62024,61610,201413,complete,True,frozen-model topic probability; author-balanced weekly mean,"ISO week beginning Monday, UTC",weekly composition among authors with usable topic text
2023-02-20 00:00:00+00:00,2023-02-26 00:00:00+00:00,2023,8,2,AI Tools/Code,0.1399403673978279,62024,61610,201413,complete,True,frozen-model topic probability; author-balanced weekly mean,"ISO week beginning Monday, UTC",weekly composition among authors with usable topic text
2023-02-20 00:00:00+00:00,2023-02-26 00:00:00+00:00,2023,8,3,Bard/LLMs,0.0446652284178457,62024,61610,201413,complete,True,frozen-model topic probability; author-balanced weekly mean,"ISO week beginning Monday, UTC",weekly composition among authors with usable topic text
2023-02-20 00:00:00+00:00,2023-02-26 00:00:00+00:00,2023,8,4,Visual AI Art,0.0198925008998288,62024,61610,201413,complete,True,frozen-model topic probability; author-balanced weekly mean,"ISO week beginning Monday, UTC",weekly composition among authors with usable topic text
2023-02-20 00:00:00+00:00,2023-02-26 00:00:00+00:00,2023,8,5,Bot/Spam,0.0084921602939807,62024,61610,201413,complete,True,frozen-model topic probability; author-balanced weekly mean,"ISO week beginning Monday, UTC",weekly composition among authors with usable topic text
2023-02-20 00:00:00+00:00,2023-02-26 00:00:00+00:00,2023,8,6,Tech/Programming,0.0107708742922976,62024,61610,201413,complete,True,frozen-model topic probability; author-balanced weekly mean,"ISO week beginning Monday, UTC",weekly composition among authors with usable topic text
2023-02-20 00:00:00+00:00,2023-02-26 00:00:00+00:00,2023,8,7,News/Updates,0.0115016275029654,62024,61610,201413,complete,True,frozen-model topic probability; author-balanced weekly mean,"ISO week beginning Monday, UTC",weekly composition among authors with usable topic text
2023-02-20 00:00:00+00:00,2023-02-26 00:00:00+00:00,2023,8,8,NFT/Crypto,0.0226501634096053,62024,61610,201413,complete,True,frozen-model topic probability; author-balanced weekly mean,"ISO week beginning Monday, UTC",weekly composition among authors with usable topic text
2023-02-20 00:00:00+00:00,2023-02-26 00:00:00+00:00,2023,8,9,Web3/DeFi,0.0466391805898589,62024,61610,201413,complete,True,frozen-model topic probability; author-balanced weekly mean,"ISO week beginning Monday, UTC",weekly composition among authors with usable topic text
2023-02-20 00:00:00+00:00,2023-02-26 00:00:00+00:00,2023,8,10,General AI,0.2493800247709143,62024,61610,201413,complete,True,frozen-model topic probability; author-balanced weekly mean,"ISO week beginning Monday, UTC",weekly composition among authors with usable topic text
2023-02-20 00:00:00+00:00,2023-02-26 00:00:00+00:00,2023,8,11,Trading/Invest,0.0117329790445964,62024,61610,201413,complete,True,frozen-model topic probability; author-balanced weekly mean,"ISO week beginning Monday, UTC",weekly composition among authors with usable topic text
2023-02-27 00:00:00+00:00,2023-03-05 00:00:00+00:00,2023,9,0,Marketing/Social,0.0210590945054642,5968,5946,9959,incomplete: collection ended Monday 12:00 UTC,False,frozen-model topic probability; author-balanced weekly mean,"ISO week beginning Monday, UTC",weekly composition among authors with usable topic text
2023-02-27 00:00:00+00:00,2023-03-05 00:00:00+00:00,2023,9,1,AI Art Discourse,0.3498247713246585,5968,5946,9959,incomplete: collection ended Monday 12:00 UTC,False,frozen-model topic probability; author-balanced weekly mean,"ISO week beginning Monday, UTC",weekly composition among authors with usable topic text
2023-02-27 00:00:00+00:00,2023-03-05 00:00:00+00:00,2023,9,2,AI Tools/Code,0.1364822407177255,5968,5946,9959,incomplete: collection ended Monday 12:00 UTC,False,frozen-model topic probability; author-balanced weekly mean,"ISO week beginning Monday, UTC",weekly composition among authors with usable topic text
2023-02-27 00:00:00+00:00,2023-03-05 00:00:00+00:00,2023,9,3,Bard/LLMs,0.0493508094176437,5968,5946,9959,incomplete: collection ended Monday 12:00 UTC,False,frozen-model topic probability; author-balanced weekly mean,"ISO week beginning Monday, UTC",weekly composition among authors with usable topic text
2023-02-27 00:00:00+00:00,2023-03-05 00:00:00+00:00,2023,9,4,Visual AI Art,0.0287091272986867,5968,5946,9959,incomplete: collection ended Monday 12:00 UTC,False,frozen-model topic probability; author-balanced weekly mean,"ISO week beginning Monday, UTC",weekly composition among authors with usable topic text
2023-02-27 00:00:00+00:00,2023-03-05 00:00:00+00:00,2023,9,5,Bot/Spam,0.0099345629260449,5968,5946,9959,incomplete: collection ended Monday 12:00 UTC,False,frozen-model topic probability; author-balanced weekly mean,"ISO week beginning Monday, UTC",weekly composition among authors with usable topic text
2023-02-27 00:00:00+00:00,2023-03-05 00:00:00+00:00,2023,9,6,Tech/Programming,0.0213470539914284,5968,5946,9959,incomplete: collection ended Monday 12:00 UTC,False,frozen-model topic probability; author-balanced weekly mean,"ISO week beginning Monday, UTC",weekly composition among authors with usable topic text
2023-02-27 00:00:00+00:00,2023-03-05 00:00:00+00:00,2023,9,7,News/Updates,0.0204114113429649,5968,5946,9959,incomplete: collection ended Monday 12:00 UTC,False,frozen-model topic probability; author-balanced weekly mean,"ISO week beginning Monday, UTC",weekly composition among authors with usable topic text
2023-02-27 00:00:00+00:00,2023-03-05 00:00:00+00:00,2023,9,8,NFT/Crypto,0.0293965035609582,5968,5946,9959,incomplete: collection ended Monday 12:00 UTC,False,frozen-model topic probability; author-balanced weekly mean,"ISO week beginning Monday, UTC",weekly composition among authors with usable topic text
2023-02-27 00:00:00+00:00,2023-03-05 00:00:00+00:00,2023,9,9,Web3/DeFi,0.0618542934816047,5968,5946,9959,incomplete: collection ended Monday 12:00 UTC,False,frozen-model topic probability; author-balanced weekly mean,"ISO week beginning Monday, UTC",weekly composition among authors with usable topic text
2023-02-27 00:00:00+00:00,2023-03-05 00:00:00+00:00,2023,9,10,General AI,0.2598159439998586,5968,5946,9959,incomplete: collection ended Monday 12:00 UTC,False,frozen-model topic probability; author-balanced weekly mean,"ISO week beginning Monday, UTC",weekly composition among authors with usable topic text
2023-02-27 00:00:00+00:00,2023-03-05 00:00:00+00:00,2023,9,11,Trading/Invest,0.0118140884656328,5968,5946,9959,incomplete: collection ended Monday 12:00 UTC,False,frozen-model topic probability; author-balanced weekly mean,"ISO week beginning Monday, UTC",weekly composition among authors with usable topic text
